{
    "total_runtime": 13.430714130401611,
    "num_documents": 1,
    "input_load_time": 0,
    "workflows": {
        "create_base_text_units": {
            "overall": 0.30349040031433105,
            "0_create_base_text_units": 0.3020772933959961
        },
        "create_base_entity_graph": {
            "overall": 2.926581621170044,
            "0_create_base_entity_graph": 2.925206184387207
        },
        "create_final_entities": {
            "overall": 0.67926025390625,
            "0_create_final_entities": 0.6776907444000244
        },
        "create_final_nodes": {
            "overall": 0.008710622787475586,
            "0_create_final_nodes": 0.006808042526245117
        },
        "create_final_communities": {
            "overall": 0.012314558029174805,
            "0_create_final_communities": 0.010222434997558594
        },
        "create_final_relationships": {
            "overall": 0.00960850715637207,
            "0_create_final_relationships": 0.007167816162109375
        },
        "create_final_text_units": {
            "overall": 0.012360095977783203,
            "0_create_final_text_units": 0.009638309478759766
        },
        "create_final_community_reports": {
            "overall": 8.260946989059448,
            "0_create_final_community_reports": 8.258037090301514
        },
        "create_final_documents": {
            "overall": 0.009737491607666016,
            "0_create_final_documents": 0.0067064762115478516
        }
    }
}