{
    "total_runtime": 0.8306913375854492,
    "num_documents": 3231,
    "input_load_time": 0,
    "workflows": {
        "create_base_text_units": {
            "overall": 0.7211272716522217,
            "0_create_base_text_units": 0.7197072505950928
        }
    }
}