{"id":"bebde738d2ea435c84530847616be053","x":-1.6110196114,"y":-11.4419336319}
{"id":"78fc6bcb97694003901b0e7b7c942ec7","x":-1.7506223917,"y":-13.1813392639}
{"id":"98e6df0fb8d04cf780ee7b6719622eda","x":-2.9771237373,"y":-12.1397457123}
{"id":"fd81cf9da4e749b2b211e63a7e0effde","x":-4.3314208984,"y":-11.3907012939}
{"id":"808738647a5e4c59be3fa3a070c0e8c3","x":-5.5200376511,"y":-9.8648328781}
{"id":"bee08dc84f624680bfa306cdd1ff5bf1","x":-4.2164344788,"y":-12.769900322}
{"id":"91d748fc46714cb9a0d6209197d1b0f8","x":-2.988519907,"y":-13.6834716797}
{"id":"6b7d32993f7b4cf5832cd95baaa8a5f6","x":-4.1648893356,"y":-10.1827945709}
{"id":"00264565bda64b88b6f4034187521aee","x":-5.7191066742,"y":-11.0179100037}
{"id":"360880f94dfe412d81cc36c3b5472bb0","x":-0.6891348958,"y":-12.1304359436}
