{"id":"becb90a284fd43e1823f9944c93a5876","x":-1.6110196114,"y":-11.4419336319}
{"id":"28234783350e4e178d3dfdefe3ebf802","x":-1.7506223917,"y":-13.1813392639}
{"id":"c526f1a8a4b54239891b6ed475fda1f5","x":-2.9771237373,"y":-12.1397457123}
{"id":"73b57c1a3a79452db48328bc899331ad","x":-4.3314208984,"y":-11.3907012939}
{"id":"137a475437af4017abdef0ac0e41dcd7","x":-5.5200376511,"y":-9.8648328781}
{"id":"a1d4dd389602422e8b76bc015c24f795","x":-4.2164344788,"y":-12.769900322}
{"id":"4528f36b5109429dbf46d136289ef4e2","x":-2.988519907,"y":-13.6834716797}
{"id":"4a1a2714df764ec68d8c0f018dd53bda","x":-4.1648893356,"y":-10.1827945709}
{"id":"4b0b865ae60f4861be9ff48b2f79e534","x":-5.7191066742,"y":-11.0179100037}
{"id":"26c05859e8044752b59012cd454160d3","x":-0.6891348958,"y":-12.1304359436}
