{
    "total_runtime": 0.4455540180206299,
    "num_documents": 26,
    "input_load_time": 0,
    "workflows": {
        "create_base_text_units": {
            "overall": 0.3319966793060303,
            "0_create_base_text_units": 0.33055639266967773
        }
    }
}