{
    "total_runtime": 26.30989980697632,
    "num_documents": 1,
    "input_load_time": 0,
    "workflows": {
        "create_base_text_units": {
            "overall": 0.010190963745117188,
            "0_create_base_text_units": 0.008747100830078125
        },
        "create_base_entity_graph": {
            "overall": 16.653412580490112,
            "0_create_base_entity_graph": 16.651957988739014
        },
        "create_final_entities": {
            "overall": 1.2580478191375732,
            "0_create_final_entities": 1.2565546035766602
        },
        "create_final_nodes": {
            "overall": 2.267244338989258,
            "0_create_final_nodes": 2.2653892040252686
        },
        "create_final_communities": {
            "overall": 0.013258218765258789,
            "0_create_final_communities": 0.011122941970825195
        },
        "create_final_relationships": {
            "overall": 0.00852513313293457,
            "0_create_final_relationships": 0.006223440170288086
        },
        "create_final_text_units": {
            "overall": 0.012318134307861328,
            "0_create_final_text_units": 0.00960087776184082
        },
        "create_final_community_reports": {
            "overall": 4.543335914611816,
            "0_create_final_community_reports": 4.540477991104126
        },
        "create_final_documents": {
            "overall": 0.00988912582397461,
            "0_create_final_documents": 0.006879091262817383
        }
    }
}