{
    "total_runtime": 0.14476919174194336,
    "num_documents": 1,
    "input_load_time": 0,
    "workflows": {
        "create_base_text_units": {
            "overall": 0.010909557342529297,
            "0_create_base_text_units": 0.009577512741088867
        }
    }
}