{"id":"6e59540b5406455695e34f93e2d4f8ba","x":3.8722527027,"y":6.4119582176}
{"id":"a19a4dc2e28d4acfbb43f22ba1913271","x":-1.8793026209,"y":10.3885726929}
{"id":"be4bb151822048c4b7388f71d00190db","x":-4.9925150871,"y":8.6553630829}
{"id":"89ce6286c1724ec28d2c5cd75343d6b1","x":-5.9684963226,"y":8.7548685074}
{"id":"b4abe6989c014277a2d2fbdaed40e8e2","x":1.640566349,"y":10.0921287537}
{"id":"e97e8c0ebe7a4735b25571ddfb8abe2e","x":2.9947440624,"y":9.812669754}
{"id":"887da56aadcc40299a9985d1329b29b6","x":-2.7343084812,"y":9.673289299}
{"id":"b65ac63c88e84f42b8b8d967842e63d9","x":4.1006331444,"y":7.2376675606}
{"id":"1027f177c8554bbcb7c1b4dab93fe21e","x":0.3375535607,"y":9.9052124023}
{"id":"fdeff2084af7477c8dbe636472f662e1","x":3.6731119156,"y":9.2050027847}
{"id":"8647247eaaa54b45a364e903358d6c28","x":4.5034170151,"y":8.1278047562}
{"id":"d0c7a44a1558404ebd67c58d110fbff2","x":1.9249607325,"y":8.9547433853}
{"id":"b90468f4ccb746b0a86543314d91e545","x":3.1025009155,"y":7.135102272}
{"id":"594b441ae03e4c04ab4c3fb3b5e3581a","x":2.8994045258,"y":8.6804285049}
{"id":"ddb6c993986d46eaae58622043a31d58","x":-5.2371153831,"y":7.6117978096}
{"id":"ca62bb734efe49d18a540d1468bed6b9","x":-6.0455141068,"y":7.1831283569}
{"id":"67008c51c8774503b48a0bc4b699c8fb","x":-6.4364233017,"y":8.1154737473}
{"id":"f73850f6726d4497abe00eda8e050e90","x":-0.7165480256,"y":10.0992469788}
{"id":"6f57faf1a08042768f1ac403fe2184cc","x":-4.0126786232,"y":9.6867542267}
{"id":"c0c6748099cc4051b6ac4ce5ad9789e4","x":-3.3694040775,"y":10.608130455}
