{"id":"f6611b55254a48188f9ffc670786d147","x":2.4089913368,"y":-14.3756875992}
{"id":"b820e765cb7c4b179a7b65ec3dda8b6e","x":-11.9454402924,"y":17.9225349426}
{"id":"fd2c914bf9254fb0bd4448f818ccbb2a","x":-14.7317352295,"y":19.2675380707}
{"id":"cdb8cd24d4884fe28b4743f40237400a","x":-15.0659894943,"y":20.4800624847}
{"id":"cbf21a556d124ba48e1d953b88cd60b3","x":-13.6141643524,"y":19.5478210449}
{"id":"aeff7601935f427084000c6b69633a20","x":-9.8181037903,"y":15.2561855316}
{"id":"a56b9a151c5d42c4a638086eee95c9de","x":-12.9124240875,"y":18.5981616974}
{"id":"22240178169d4845bb42612e7aa999fb","x":-14.1072940826,"y":20.2962284088}
{"id":"4a73d58aea68439fb1efa2955569863f","x":0.425970763,"y":-14.609790802}
{"id":"3a3a41c8c25f4498b784b175c3baf5cc","x":-16.0775222778,"y":19.036945343}
{"id":"d6cd27e5ffdb468497ac3db0ba69b855","x":-11.0857877731,"y":16.5572662354}
{"id":"7e66bc89b13d4f9fb5219bf3ae0139cb","x":-0.1537130177,"y":-13.6990852356}
{"id":"fa526cf0b06f4e16941e5e4d724639dc","x":0.3889476955,"y":-12.6219511032}
{"id":"fb4b586ec65c41b1a93ab8c9ea9826d3","x":0.8166884184,"y":-13.522023201}
{"id":"91e51c9ee4f24603abd743a6ead05e19","x":-10.8251514435,"y":15.6003494263}
{"id":"fc6cec11df4b440a9566ba4ecbe36cf7","x":-12.0576457977,"y":16.8708686829}
{"id":"e37204cdbf034a22b1876f2722e567f0","x":-0.6185380816,"y":-12.6949119568}
{"id":"d95b270104e047efa90b2a5d7fb5b5a6","x":1.5175338984,"y":-15.0309000015}
{"id":"540a7c1c8fb64e6d997e12ff3a2abe9f","x":-11.7139015198,"y":15.324092865}
{"id":"7931cf5f6f334d75a6d80091f3401607","x":-16.7307815552,"y":18.5482406616}
{"id":"9a20ae2a74a740bf90144017d1452717","x":-15.7913169861,"y":19.8926429749}
{"id":"8bf35ce9792e4031ab34703ce463a9b5","x":-10.6169128418,"y":14.6147661209}
{"id":"e731b9baaafa4398b8943640d7dff143","x":1.6281554699,"y":-13.9815263748}
{"id":"4a73d58aea68439fb1efa2955569863f","x":0.425970763,"y":-14.609790802}
{"id":"3a3a41c8c25f4498b784b175c3baf5cc","x":-16.0775222778,"y":19.036945343}
{"id":"7e66bc89b13d4f9fb5219bf3ae0139cb","x":-0.1537130177,"y":-13.6990852356}
{"id":"fa526cf0b06f4e16941e5e4d724639dc","x":0.3889476955,"y":-12.6219511032}
{"id":"e37204cdbf034a22b1876f2722e567f0","x":-0.6185380816,"y":-12.6949119568}
{"id":"d95b270104e047efa90b2a5d7fb5b5a6","x":1.5175338984,"y":-15.0309000015}
{"id":"7931cf5f6f334d75a6d80091f3401607","x":-16.7307815552,"y":18.5482406616}
{"id":"e731b9baaafa4398b8943640d7dff143","x":1.6281554699,"y":-13.9815263748}
