{"id":"bef2d21d74394e4989a19cfdac0de18d","x":0.524621129,"y":7.1709604263}
{"id":"13d65b62541a4719af2a5117077f9341","x":-9.6423597336,"y":-6.8607587814}
{"id":"3a15954720d04f97a2a262905629de67","x":-15.6658506393,"y":-5.8162841797}
{"id":"a3fe4c2a0c7f448794f29117a7cb2a38","x":7.3618783951,"y":6.9047899246}
{"id":"dcb9dc33c3c54d49b37d1c620aafde6b","x":-11.9454593658,"y":-5.9431948662}
{"id":"2760e2f89a9340658650b58fd940a887","x":-14.9339962006,"y":-6.5042243004}
{"id":"38b158edcde7445bbc9bb4d8bc6b33a5","x":2.7582828999,"y":5.0872001648}
{"id":"b43ede31086f40f88e238b64b2f1fdca","x":-10.7885866165,"y":-6.5152511597}
{"id":"a660d1f11c814fd6ad3238a5d7f83c81","x":-13.1292533875,"y":-5.7006530762}
{"id":"dc19f0ff2340402eb0b999cc581fcf78","x":-10.1222391129,"y":-7.6096968651}
{"id":"29ac21b650a54743a1370639854f7ba5","x":-14.3715353012,"y":-5.9275093079}
{"id":"12fd85afad4741b6beaead07451c1d2a","x":-11.2452707291,"y":-5.52622509}
{"id":"70d269f3d80642e88cea3d501d8019ed","x":-12.1892147064,"y":-5.0518779755}
{"id":"d9212e9c341b401d80ac8d723846c4fc","x":-15.1953573227,"y":-7.2810602188}
{"id":"309120b59f1244b79a6385595574c9d9","x":-14.9272298813,"y":-5.2774233818}
{"id":"16f2dd4a52914bf0a3213e044e9a2aaa","x":-13.6669101715,"y":-4.9147877693}
{"id":"87342743f10d40dba1addf2aec15e1c1","x":-16.1451473236,"y":-6.8045420647}
{"id":"45270cea5ef644f78573940266b8c952","x":2.0943946838,"y":7.0303382874}
{"id":"d931907f9a7242ddbc8cf6503977ffa7","x":1.0671896935,"y":6.6774334908}
{"id":"101bcfcc7f284e1bb65906b508e86a9a","x":3.0652952194,"y":5.8850769997}
{"id":"059b9771a5474bcf998dbb29f9ecf0d4","x":7.0846085548,"y":6.1805515289}
{"id":"b483021f1561424694562a11bd7b2974","x":-9.0102787018,"y":-7.6787371635}
{"id":"bd573fd735b345ce9321a85a693145b4","x":-16.306268692,"y":-7.3699684143}
{"id":"a42c5331ef554e43a9b6dee31fe926a7","x":1.2308125496,"y":7.6590323448}
{"id":"e92333ee4bc946e199590def86839dae","x":5.748295784,"y":5.0128078461}
{"id":"7eed99024126439ab65cd51406a73ed6","x":6.2873678207,"y":6.1134114265}
{"id":"457feec2a0464f0d9d5b4f8813657cd9","x":4.7204871178,"y":5.0801882744}
{"id":"0e0901387eb5495f94a9174625983ca6","x":3.6807172298,"y":5.0799422264}
{"id":"8ac15ca5065e482abc64c3afcf8ae87d","x":6.5805902481,"y":5.2347407341}
{"id":"e349375b4d2b469d94557ad19a72ea24","x":1.8988362551,"y":6.1630644798}
{"id":"6a1d500ab53b4001821e66c31b4cb179","x":-9.6572589874,"y":-8.2141132355}
{"id":"181bf47fbd304cfd858be44e2f9d8c34","x":7.8150787354,"y":5.8776960373}
