{"id":"28c05d0bf67d4bf5b12b04cfe1e16ab4","x":-5.5289077759,"y":14.386305809}
{"id":"df396e2f52e8472a9a99a4a35f48e8d9","x":3.5546422005,"y":15.5654592514}
{"id":"eadb3a998dae47109b8ff5a20c4216a4","x":-8.7956924438,"y":13.1869344711}
{"id":"ff3ce2cda4f44336b0038c470a038dde","x":-4.9089379311,"y":13.8217668533}
{"id":"342dd60fd1fa4d35855c886c0e4f6c13","x":-6.6501841545,"y":13.6064662933}
{"id":"377899463d6842e7a9210ea8603b6d60","x":-6.0431418419,"y":12.962808609}
{"id":"c466263b74a441039de3ffab5005722d","x":-8.0594587326,"y":12.8125066757}
{"id":"de63d19905014d4fb7acc4a0f43d8ec7","x":2.0170636177,"y":20.9039268494}
{"id":"9b75a10bc597426489cb4c9d6faa4ff2","x":2.0882239342,"y":18.834564209}
{"id":"20345446779148a7a68c00d8ecd16dca","x":1.0207422972,"y":20.2133750916}
{"id":"09819481b50047318bd3e75101192a92","x":4.2606601715,"y":15.1289949417}
{"id":"f958840b22c64b019b457c241a45d92f","x":1.8842717409,"y":19.7962684631}
{"id":"c2c63083167a46f49801b646d8278ade","x":-8.8849143982,"y":11.9252796173}
{"id":"57e4235e7b9141878bbaa093db0faf8e","x":4.5955095291,"y":14.1530513763}
{"id":"84e22d76df4f41f4a4defb51324b4b2e","x":4.5380349159,"y":13.3619251251}
{"id":"4f5462b7362d4279aedf6ca8ce4884bc","x":1.3624334335,"y":21.373550415}
{"id":"947b539a75bf4c52ab15d4bcafcdd1b8","x":2.6596784592,"y":17.9592552185}
{"id":"6c68c9d6401249ab949ba8acb1d7873f","x":-5.2645425797,"y":13.1386756897}
{"id":"5aa1de354cd24dd8a90e1eaba81da1e2","x":5.5257620811,"y":14.3952360153}
{"id":"f798d0faf3fd44d4a92a243daaeb1283","x":-7.7399430275,"y":13.7335624695}
{"id":"3861635ea9074fddba6a95eece2fe0d2","x":5.5148129463,"y":13.6135416031}
{"id":"e757992c681d4bf3a144d302d63b8973","x":1.2996296883,"y":19.105758667}
{"id":"f78777931d4742cfb59eb075828c53f2","x":4.0034217834,"y":16.4704799652}
{"id":"2d2f24336f5c4680a2a5aad81bbba6e2","x":-8.0264215469,"y":12.0648565292}
{"id":"4408499dc2c94963a34ae5a7a8a7bb67","x":2.7825770378,"y":21.3987445831}
{"id":"37468b851b17465ebf314dd57d0022bf","x":4.7537961006,"y":15.8014431}
{"id":"2d70c5ff706c4a11bff30f58387aecc6","x":2.2353794575,"y":22.1531162262}
