{
    "total_runtime": 2091.0539107322693,
    "num_documents": 100,
    "input_load_time": 0,
    "workflows": {
        "create_base_text_units": {
            "overall": 0.4913046360015869,
            "0_create_base_text_units": 0.48992156982421875
        },
        "create_base_entity_graph": {
            "overall": 13.939617395401001,
            "0_create_base_entity_graph": 13.938216209411621
        },
        "create_final_entities": {
            "overall": 1194.0732383728027,
            "0_create_final_entities": 1194.0712237358093
        },
        "create_final_nodes": {
            "overall": 13.808900356292725,
            "0_create_final_nodes": 13.806752920150757
        },
        "create_final_communities": {
            "overall": 1.6157360076904297,
            "0_create_final_communities": 1.613429307937622
        },
        "create_final_relationships": {
            "overall": 0.7018663883209229,
            "0_create_final_relationships": 0.6995010375976562
        },
        "create_final_text_units": {
            "overall": 0.03523087501525879,
            "0_create_final_text_units": 0.032651424407958984
        },
        "create_final_community_reports": {
            "overall": 859.182642698288,
            "0_create_final_community_reports": 859.1798913478851
        },
        "create_final_documents": {
            "overall": 0.010840415954589844,
            "0_create_final_documents": 0.007817268371582031
        }
    }
}