{
    "total_runtime": 3610.6803374290466,
    "num_documents": 1,
    "input_load_time": 0,
    "workflows": {
        "create_base_text_units": {
            "overall": 0.1418476104736328,
            "0_orderby": 0.00146484375,
            "1_zip": 0.0016908645629882812,
            "2_aggregate_override": 0.0028421878814697266,
            "3_chunk": 0.10850691795349121,
            "4_select": 0.0021941661834716797,
            "5_unroll": 0.0026979446411132812,
            "6_rename": 0.001966238021850586,
            "7_genid": 0.0034716129302978516,
            "8_unzip": 0.00247955322265625,
            "9_copy": 0.0055389404296875,
            "10_filter": 0.007424116134643555
        },
        "create_base_extracted_entities": {
            "overall": 3610.286053419113,
            "0_entity_extract": 3610.2608156204224,
            "1_merge_graphs": 0.022657155990600586
        }
    }
}